id,programName,programCode,programUrl,programType,admissionType,description,jointlyOffered,campus,topic,createdAt,updatedAt,requirements
5c18b1a8-1026-4ae0-b48c-b48916ac2669,Bachelor of Science degree with a major in Biology,B%20BIO-MAJOR,"https://myplan.uw.edu/program/#/programs/UG-B%20BIO-MAJOR/B%20BIO-0-1-5?states=N4Ig7gDgziBcLADrgJYDsAmB7MAJApigOYAWALsrAGxUAcANMmOtmAApZQpkpZqUAmACwAGAL4gxQA",Undergraduate,Minimum,"The Bachelor of Science in Biology degree provides students with a foundation that will enable them to pursue careers or graduate study in medicine, dentistry, health professions, pharmaceuticals, biotechnology, ecology, biology, and biology education. The curriculum combines theory with hands-on experience that draws on the University of Washington Bothell’s strengths: small classes; strong faculty-student mentorship; integrative, problem-based teaching approaches; and research and internship opportunities outside the classroom. Undergraduate research is an essential part of our degree program.",,bothell,B%20BIO,2025-10-28 05:10:24.848,2025-10-28 05:53:06.206,"{""AREAS OF INQUIRY"": ""AREAS OF INQUIRY\nArts and Humanities\nEarned: 0 credits\nNeeds: 15 credits\nSocial Sciences\nNeeds: 15 credits\nNatural Sciences\nNeeds: 15 credits"", ""DEPARTMENTAL REQUIREMENTS"": ""DEPARTMENTAL REQUIREMENTS\nFoundational Math and Science Requirements\n1 ) Biology: B BIO 180, 200 & 220 or equivalent, minimum 2.0 in each course.\nNeeds: 3 courses\n2 ) General Chemistry: B CHEM 143 & 144, 153 & 154, 163 & 164 or equivalent. Minimum 2.0 cumulative GPA in Chemistry Series.\nNeeds: 6 courses\n3 ) Mathematics: B MATH 144, STMATH 124 or equivalent\nNeeds: 1 course\n4 ) Physics: B PHYS 114 & 117, 115 & 118 or equivalent\nNeeds: 4 courses\nOR ) Physics: B PHYS 121 & 122 or equivalent\nNeeds: 2 courses\n5 ) Statistics: One course from the approved list\nNeeds: 1 course\nBiology Core Requirements\nCourses cannot apply to more than one requirement for the biology major, meaning the same course cannot count towards both the core and elective requirements.\n1 ) Genetics: B BIO 360\nNeeds: 1 course\n2 ) Evolution: B BIO 466\nNeeds: 1 course\n3 ) Ecology: BES 312 or B BIO 471\nNeeds: 1 course\n4 ) Cell Biology: B BIO 370, 372 or 380\nNeeds: 1 course\n5 ) Physiology: B BIO 351 or 352\nNeeds: 1 course\n6 ) Investigative Biology: View list of options here https://www.uwb.edu/stem/undergraduate/majors/biology/investigative-biology\nNeeds: 1 course\n7 ) Biology and Society: One course from the department approved list. View list of options here https://www.uwb.edu/stem/undergraduate/majors/biology/curriculum#electives\nNeeds: 1 course\nBiology Electives: You must take elective courses from at least two out of three main categories (A, B, C). You do not need courses in all three categories. Miscellaneous Electives do not count towards a main category. Your elective coursework must add up to 20 credits or more. Course lists available at: https://www.uwb.edu/stem/undergraduate/majors/biology/curriculum#electives\nNeeds: 20 credits\n1 ) A: Ecology/Evolution/Diversity Category\nNeeds: 1 course\n2 ) B: Cell/Molecular Biology Category\nNeeds: 1 course\n3 ) C: Physiology/Neurobiology Category\nNeeds: 1 course\n4 ) Miscellaneous Electives (no specific category)\nMinimum Major GPA\nYou must maintain a minimum major GPA of 2.00 for courses applied toward requirements for the Biology major, including math, physics, chemistry, and biology courses, including upper-division electives required for the major."", ""GENERAL EDUCATION REQUIREMENTS"": ""GENERAL EDUCATION REQUIREMENTS\nEnglish Composition: One course from approved list.\nNeeds: 5 credits\nWriting across the curriculum (W-courses) and/or additional composition.\nNeeds: 10 credits\nReasoning\nNeeds: 4 credits\nDiversity Course\nNeeds: 5 credits""}"
23a90b98-7d76-45ed-9c07-0a761b170038,Bachelor of Science in Electrical Engineering degree,B%20EE-MAJOR,"https://myplan.uw.edu/program/#/programs/UG-B%20EE-MAJOR/B%20EE-0-1-6?states=N4Ig7gDgziBcLADrgJYDsAmB7MAJApigOYAWALsrAGxUAcANMmOtmAApZQpkpZqUAmACwAGAL4gxQA",Undergraduate,Minimum,"The Bachelor of Science in Electrical Engineering provides students with a strong foundation for pursuing careers or graduate studies in Electrical Engineering. Students in the program master the fundamentals and applications of electricity, electronics, and electromagnetism. A multidisciplinary learning environment provides experience in teamwork, design, ethics, entrepreneurship, and civic responsibility, with a focus on understanding the impact of engineering solutions in a global, economic, environmental, and societal context. The program builds on UW Bothell’s strengths, emphasizing lab experience and research and internship opportunities outside the classroom. Our faculty are dedicated to teaching and building excellence and expertise through strong student-faculty relationships, small classes and hands-on, experiential learning principles.",,bothell,B%20EE,2025-10-28 05:10:26.023,2025-10-28 05:53:07.366,"{""DEPARTMENTAL REQUIREMENTS"": ""DEPARTMENTAL REQUIREMENTS\n\n\n\nMINIMUM 2.0 REQUIRED IN EACH COURSE USED IN REQUIREMENTS BELOW\nWritten/Oral Communication\n1 ) B WRIT 134 or ENGL 131\nNeeds: 5 credits\nOR ) B WRIT 132 and 133\nNeeds: 2 courses\n2 ) Research/Technical Writing: B WRIT 135 (or other technical writing)\nNeeds: 1 course\n3 ) Advanced Technical Writing: CSS 301\nNeeds: 1 course\nElectrical Engineering Requirements\n1 ) Calculus: STMATH 124, 125 & 126 or equivalents\nNeeds: 3 courses\n2 ) Mathematics: STMATH 207, 208, 224 or equivalents\nNeeds: 3 courses\n3 ) Statistics: STMATH 390\nNeeds: 1 course\n4 ) General Chemistry: B CHEM 143 & 144 or equivalent\nNeeds: 2 courses\n5 ) Physics: B PHYS 121, 122 & 123 or equivalents\nNeeds: 3 courses\n6 ) Computer Programming: CSS 142 or 132 and CSS 143 or 133 or equivalents.\nNeeds: 2 courses\nElectrical Engineering Major Requirements\n1 ) Electric Circuits Lab: B EE 200\nNeeds: 1 course\n2 ) Intro to EE: B EE 215\nNeeds: 1 course\n3 ) Circuit Theory: B EE 233\nNeeds: 1 course\n4 ) Continuous Linear Systems: B EE 235\nNeeds: 1 course\n5 ) Digital Circuits & Systems: B EE 271\nNeeds: 1 course\n6 ) Devices & Circuits 1: B EE 331\nNeeds: 1 course\n7 ) Devices & Circuits 2: B EE 332\nNeeds: 1 course\n8 ) Discrete Linear Systems: B EE 341\nNeeds: 1 course\n9 ) Applied Electrodynamics: B EE 361\nNeeds: 1 course\n10 ) Microprocessor System Design: B EE 425\nNeeds: 1 course\n11 ) Engineering Design and Innovation: B ENGR 494\nNeeds: 1 course\n12 ) Capstone: B ENGR 495, 496\nNeeds: 2 courses\n13 ) Electives: 15 credits B EE coursework from the department approved list. (Max 10 credits of B EE 490, 498, 499 may apply.)\nNeeds: 15 credits"", ""GENERAL EDUCATION REQUIREMENTS"": ""GENERAL EDUCATION REQUIREMENTS\nEnglish Composition: One course from approved list.\nNeeds: 5 credits\nWriting across the curriculum (W-courses) and/or additional composition.\nNeeds: 10 credits\nReasoning\nOne course from the approved list (4-5 credits).\nArts and Humanities\nEarned: 0 credits\nNeeds: 15 credits\nSocial Sciences\nNeeds: 15 credits\nNatural Sciences\nNeeds: 15 credits\nDiversity Course\nNeeds: 5 credits""}"
1d6f83bd-6106-46ee-a818-34596f7e123f,Bachelor of Arts degree with a major in Health Studies,B%20HLTH-MAJOR,"https://myplan.uw.edu/program/#/programs/UG-B%20HLTH-MAJOR/B%20HLTH-0-1-1?states=N4Ig7gDgziBcLADrgJYDsAmB7MAJApigOYAWALsrAGxUAcANMmOtmAApZQpkpZqUAmACwAGAL4gxQA",Undergraduate,Capacity-Constrained,"In the Health Studies program, students develop and apply a range of skills for public health practice. Students explore the social and biological predictors of health; conduct policy analyses; use health education and community engagement strategies; apply social justice critiques; understand global health perspectives, and evaluate health related research. The student will develop critical thinking and encourage knowledge analysis and synthesis while building technical and analytical skills to address challenges in protecting the health of communities from local to global.",,bothell,B%20HLTH,2025-10-28 05:10:26.167,2025-10-28 05:53:07.508,"{""GENERAL EDUCATION REQUIREMENTS"": ""GENERAL EDUCATION REQUIREMENTS\nEnglish Composition: One course from approved list.\nNeeds: 5 credits\nWriting across the curriculum (W-courses) and/or additional composition.\nNeeds: 10 credits\nReasoning\nOne course from the approved list (4-5 credits).\nDiversity Course\nNeeds: 5 credits\nArts and Humanities\nNeeds: 15 credits\nSocial Sciences\nNeeds: 15 credits\nNatural Sciences\nNeeds: 15 credits""}"
21b35a2e-2db7-43f0-a648-3d40c9adb91e,Bachelor of Arts degree with a major in Media and Communication Studies,B%20MCS-MAJOR,"https://myplan.uw.edu/program/#/programs/UG-B%20MCS-MAJOR/B%20MCS-0-1-1?states=N4Ig7gDgziBcLADrgJYDsAmB7MAJApigOYAWALsrAGxUAcANMmOtmAApZQpkpZqUAmACwAGAL4gxQA",Undergraduate,Open,"The Media and Communication Studies (MCS) major prepares students to develop and hone skills as critical readers and practitioners that cross a range of disciplines and professional contexts. Those who graduate with an MCS major think critically about access, use, and control of communication and media on the local, national, and global level. The major combines hands-on production with a rich grounding in media and communication theory and history that focuses on power, difference, and injustice. MCS students develop the intellectual capacities and skills needed to use media and communication effectively and ethically. MCS coursework integrates theory and practice through media production workshops, classroom seminars, and community-based research projects.",,bothell,B%20MCS,2025-10-28 05:10:25.509,2025-10-28 05:53:06.855,"{""SCHOOL REQUIREMENTS"": ""SCHOOL REQUIREMENTS\nMedia & Communication Studies Major Requirements\nRepeatable courses may not be accurately counted toward degree requirements. For questions contact an adviser. (A maximum of 35 credits at the 100- and/or 200-level may apply to major requirements.)\n1 ) Core Courses: BIS 290 and BISMCS 333\nNeeds: 2 courses\n2 ) Communication Practice & Media Production Courses: P&P 10 credits from the approved list of courses. See major website for approved list of courses.\nNeeds: 10 credits\n3 ) 25 credits from the approved list of MCS courses. See major website for approved list of courses.\nNeeds: 25 credits\n4 ) Additional IAS Credits: 20 additional credits in IAS prefix coursework.\nNeeds: 20 credits\nComposition Coursework\n(Will also apply to writing/comp proficiency)\n1 ) B WRIT 133 or 134 or ENGL 131 or equivalent\nNeeds: 5 credits\n2 ) B WRIT 135 or ENGL 141 or equivalent\nNeeds: 5 credits\nInterdisciplinary Practice and Reflection Requirement\nFive credits from the approved list.\nNeeds: 5 credits\nResident Credit & GPA in Major\n1 ) Min. 2.00 cumulative GPA for courses used in the major.\n2 ) At least 30 credits used to meet major requirement must be taken in residence at UW Bothell."", ""GENERAL EDUCATION REQUIREMENTS"": ""GENERAL EDUCATION REQUIREMENTS\nEnglish Composition: One course from approved list.\nNeeds: 5 credits\nWriting across the curriculum (W-courses) and/or additional composition.\nNeeds: 10 credits\nReasoning\nNeeds: 4 credits\nDiversity Course\nNeeds: 5 credits\nNatural Sciences\nNeeds: 15 credits\nArts and Humanities\nEarned: 0 credits\nNeeds: 15 credits\nSocial Sciences\nNeeds: 15 credits""}"
ba166e0a-c855-4cc2-aaec-703df9ff4195,Bachelor of Arts degree with a major in Applied Computing,A%20CMPT-MAJOR,"https://myplan.uw.edu/program/#/programs/UG-A%20CMPT-MAJOR/A%20CMPT-0-1-1?states=N4Ig7gDgziBcLADrgJYDsAmB7MAJApigOYAWALsrAGxUAcANMmOtmAApZQpkpZqUAmACwAGAL4gxQA",Undergraduate,Capacity-Constrained,The Bachelor of Arts in Applied Computing (BAAC) combines courses in computer systems with elective classes in a subject or field of the students’ choosing. Graduates will be able to combine their acquired detailed knowledge of their chosen application with a practical understanding of modern computing.,,bothell,A%20CMPT,2025-10-28 05:10:25.584,2025-10-28 05:53:06.926,"{""AREAS OF INQUIRY"": ""AREAS OF INQUIRY\nNatural Sciences & Mathematics: Calculus and Computing\n(Minimum grade of 2.0 required in each course.)\n1 ) Calculus I: STMATH 124 or MATH 124\nNeeds: 1 course\n2 ) Programming I & II: CSS 142 or CSE 142 and CSS 143 or CSE 143\nNeeds: 2 courses\nArts and Humanities\nNeeds: 15 credits\nSocial Sciences\nNeeds: 15 credits"", ""DEPARTMENTAL REQUIREMENTS"": ""DEPARTMENTAL REQUIREMENTS\n\n\n\nMINIMUM 2.0 REQUIRED IN EACH COURSE USED IN REQUIREMENTS BELOW\nApplied Computing Core\n1 ) Technical Writing: CSS 301\nNeeds: 1 course\n2 ) Applied Algorithmics: CSS 340\nNeeds: 1 course\nOR ) Mathematic Principles of Computing: CSS 342\nNeeds: 1 course\n3 ) Management Principles: CSS 350\nNeeds: 1 course\n4 ) Software Engineering: CSS 360\nNeeds: 1 course\n5 ) Hardware and Operating Systems: CSS 421\nNeeds: 1 course\n6 ) Senior Seminar: CSS 496 (Visit https://www.uwb.edu/stem/undergraduate/majors/applied-computing/capstone for more information)\nNeeds: 1 course\nYou must complete an approved minor, second major or other concentration of courses in an area that is not computer science. Visit https://www.uwb.edu.stem/undergraduate/majors/applied-computing/curriculum#second-discipline 15 credits must be at the 300-level. 10 credits must be at the 100-level or above for custom cluster, review the contract here: https://www.uwb.edu/stem/undergraduate/majors/applied-computing/resources\nApplied Computing CSS Electives (25 crs required)\n10 credits must be 400-level, 5 credits must be 300-level or higher, and the remaining 10 credits must be 200-level or higher. Max 10 credits total of CSS 290/390/490. Max 20 credits total of CSS 397/495/498/499 or B IMD 495. CSS 305, 332, 422, 430 and CSSSKL 342 may not be used.\nNeeds: 25 credits\nApplied Computing: Upper Level General Electives\n1 ) 10 credits required. Must be 300-level or higher. CSS or non-CSS coursework may apply, excluding the following CSS 305, 332, 422, 430 and CSSSKL 342 Minimum 0.7 grade required. Taking additional CSS or Second Discipline courses is recommended.\nNeeds: 10 credits"", ""GENERAL EDUCATION REQUIREMENTS"": ""GENERAL EDUCATION REQUIREMENTS\nEnglish Composition: One course from approved list.\nNeeds: 5 credits\nWriting across the curriculum (W-courses) and/or additional composition.\nR 1 ) CSS 301 Technical Writing for Computing Professionals\nNeeds: 1 course\n2 ) Additional Composition, Intro. to Technical Writing, or Additional Writing (3-5 credits)\nReasoning\nNeeds: 5 credits\nStatistics: One from BIS 215, B BUS 215, B HLTH/B MATH 215, STMATH 341, 390 or other statistics. Minimum 2.0 grade required.\nNeeds: 1 course\nDiversity Course\nNeeds: 5 credits""}"
b4064c2e-2817-425c-aab1-cc47f2cc76de,Bachelor of Science degree with a major in Computer Science and Software Engineering: Information Assurance and Cybersecurity,CSSE-MAJOR,"https://myplan.uw.edu/program/#/programs/UG-CSSE-MAJOR/CSSE-80-1-5?states=N4Ig7gDgziBcLADrgJYDsAmB7MAJApigOYAWALsrAGxUAcANMmOtmAApZQpkpZqUAmACwAGAL4gxQA",Undergraduate,Capacity-Constrained,"The Bachelor of Science in Computer Science and Software Engineering (CSSE) is a computer science degree that places a greater emphasis on software engineering and relevant business and management concepts than would be found in a more traditional computer science degree. The Information Assurance & Cybersecurity option allows students to focus their CSSE electives on information assurance policy, secure coding, or networking and systems security. Students will be equipped with the knowledge to create, deploy, use, and manage systems that preserve individual and organizational privacy and security.",,bothell,CSSE,2025-10-28 05:10:25.657,2025-10-28 05:53:07.072,"{""AREAS OF INQUIRY"": ""AREAS OF INQUIRY\nNatural Sciences & Mathematics: Calculus and Computing (Minimum grade of 2.0 required in each course.)\n1 ) Calculus I & II: STMATH 124 or MATH 124 and STMATH 125 or MATH 125\nNeeds: 2 courses\n2 ) Programming I & II: CSS 142 or CSE 142 and CSS 143 or CSE 143\nNeeds: 2 courses\nArts and Humanities\nNeeds: 15 credits\nSocial Sciences\nNeeds: 15 credits"", ""DEPARTMENTAL REQUIREMENTS"": ""DEPARTMENTAL REQUIREMENTS\n\n\n\nMINIMUM 2.0 REQUIRED IN EACH COURSE USED IN REQUIREMENTS BELOW\nComputer Science and Software Engineering Core\n1 ) Technical Writing: CSS 301\nNeeds: 1 course\n2 ) Mathematic Principles of Computing: CSS 342\nNeeds: 1 course\n3 ) Data Structure and Algorithms: CSS 343\nNeeds: 1 course\n4 ) Management Principles: CSS 350\nNeeds: 1 course\n5 ) Software Engineering: CSS 360\nNeeds: 1 course\n6 ) Analysis and Design: CSS 370\nNeeds: 1 course\n7 ) Hardware & Computer Organization: CSS 422\nNeeds: 1 course\n8 ) Operating Systems: CSS 430\nNeeds: 1 course\nCapstone: CSS 497 (10 credits) Review Capstone Site: https://www.uwb.edu/stem/undergraduate/majors/bscsse/capstone\nNeeds: 10 credits\nCSSE Electives:\n25 credits required. 15 credits must be 400-level, and the remaining 10 credits must be 200-level or higher. Max. 10 credits of CSS 290/390/490. Max 10 credits of CSS 397/498/499\nNeeds: 25 credits\nUpper Level General Electives\n15 credits requred. Must be 300-level or higher. Minimum grade of 0.7 or higher. CSS and NON-CSS courses can apply with the exception of the following, CSS 305, 332, 340, 421, and CSSSKL 342.\nNeeds: 15 credits"", ""GENERAL EDUCATION REQUIREMENTS"": ""GENERAL EDUCATION REQUIREMENTS\nEnglish Composition One course from approved list with a grade of 2.0 or above.\nNeeds: 5 credits\nWriting across the curriculum (W-courses) and/or additional composition.\nR 1 ) CSS 301 Technical Writing for Computing Professionals\nNeeds: 1 course\n2 ) Additional Composition, Intro. to Technical Writing, or Additional Writing (3-5 credits)\nReasoning\nNeeds: 5 credits\nStatistics: One from BIS 215, B BUS 215, B HLTH/B MATH 215, STMATH 341, 390 or other statistics. Minimum 2.0 grade required.\nNeeds: 1 course\nDiversity Course\nNeeds: 5 credits""}"
c3db31b0-d356-473f-883a-34b1bb1c95b3,Bachelor of Arts degree in Developmental and Youth Studies,B%20DYS-MAJOR,"https://myplan.uw.edu/program/#/programs/UG-B%20DYS-MAJOR/B%20DYS-0-1-1?states=N4Ig7gDgziBcLADrgJYDsAmB7MAJApigOYAWALsrAGxUAcANMmOtmAApZQpkpZqUAmACwAGAL4gxQA",Undergraduate,Minimum,"The Bachelor of Arts in Developmental and Youth Studies spans early childhood into adolescence and emerging adulthood in a range of social contexts including family, peer, school, and community, with a focus on diversity and equity.",,bothell,B%20DYS,2025-10-28 05:10:25.805,2025-10-28 05:53:07.145,"{""AREAS OF INQUIRY"": ""AREAS OF INQUIRY\nArts and Humanities\nEarned: 0 credits\nNeeds: 15 credits\nSocial Sciences\nNeeds: 15 credits\nNatural Sciences\nNeeds: 15 credits"", ""DEPARTMENTAL REQUIREMENTS"": ""DEPARTMENTAL REQUIREMENTS\nEducational Studies: Core Requirement\n1 ) B EDUC 205: Education and Equity in the United States\nNeeds: 1 course\n2 ) B EDUC 210: Teaching & Learning in a Multicultural Society\nNeeds: 1 course\n3 ) B EDUC 295: Gathering, Analyzing, and Using Data in Education\nNeeds: 1 course\n4 ) B EDUC 300: Praxis & Theory in Educational Research\nNeeds: 1 course\n5 ) B EDUC 310: Theories of Learning, Culture and Identity\nNeeds: 1 course\nDevelopmental & Youth Studies Learning Sequence\n1 ) B EDUC 402: Human Growth and Learning\nNeeds: 1 course\n2 ) B EDUC 456: Adolescents in School and Society\nNeeds: 1 course\n3 ) B EDUC 461: Educational Implications of Gender Inequality\nNeeds: 1 course\n4 ) B EDUC 481: Adolescent Development\nNeeds: 1 course\n5 ) B EDUC 453: Children in Schools and Society\nNeeds: 1 course\n6 ) B EDUC 458: Emerging Adulthood\nNeeds: 1 course\n7 ) B EDUC 451: Early Childhood Development\nNeeds: 1 course\nDevelopmental & Youth Studies: Electives\nComplete an additional 15 credits in approved coursework outside of department. See school website for list of approved courses.\nNeeds: 15 credits\nFrom:\nB EDUC220, 230, 250, 255, 328, 391, 392, 403, 438, 441, 470, 491, 498 BIS 219, 222, 225, BIS 227, 235, 265, 369, 405, 450, 483 BISPSY337, 343, 350 BISSTA304 BIS 366 B HLTH435\nEducational Studies: Applied Experience and Capstone\n1 ) Applied Experience: B EDUC 495\nNeeds: 5 credits\n2 ) Capstone Seminar: B EDUC 399\nNeeds: 3 credits\n3 ) Capstone Project: B EDUC 499\nNeeds: 2 credits"", ""GENERAL EDUCATION REQUIREMENTS"": ""GENERAL EDUCATION REQUIREMENTS\nEnglish Composition: One course from approved list.\nNeeds: 5 credits\nWriting across the curriculum (W-courses) and/or additional composition.\nNeeds: 10 credits\nReasoning\nNeeds: 4 credits\nDiversity Course\nNeeds: 5 credits""}"
d4b5c351-8f29-4990-94fb-fdd927d60f8d,Bachelor of Arts degree with a major in Educational Studies: Elementary Education,B%20EDSD-MAJOR,"https://myplan.uw.edu/program/#/programs/UG-B%20EDSD-MAJOR/B%20EDSD-10-1-1?states=N4Ig7gDgziBcLADrgJYDsAmB7MAJApigOYAWALsrAGxUAcANMmOtmAApZQpkpZqUAmACwAGAL4gxQA",Undergraduate,Minimum,"Elementary Education is an option within the Bachelor of Arts in Educational Studies that prepares students to become certified as teachers in K-8 schools in the Washington State. Upon completion of this highly structured, cohorted course of study, students meet all the requirements to be recommended for Washington State Residency teacher certification and earn the B.A. in Educational Studies. As teacher certification candidates, students will participate in two quarters of student teaching, arranged by the School of Educational Studies. Regular seminars and individual meetings with field instructors will support student teaching both quarters. A highlight of the program is that students will also become dual endorsed in either English to Speakers of Other Languages (ESOL) or Special Education (SPED) along with their K-8 certification.",,bothell,B%20EDSD,2025-10-28 05:10:25.875,2025-10-28 05:53:07.217,"{""AREAS OF INQUIRY"": ""AREAS OF INQUIRY\nArts and Humanities\nEarned: 0 credits\nNeeds: 15 credits\nSocial Sciences\nNeeds: 15 credits\nNatural Sciences\nNeeds: 15 credits"", ""DEPARTMENTAL REQUIREMENTS"": ""DEPARTMENTAL REQUIREMENTS\n\n\n\nMINIMUM 2.0 REQUIRED IN EACH COURSE USED IN REQUIREMENTS BELOW\nEducational Studies: Core Requirement\n1 ) B EDUC 205\nNeeds: 1 course\n2 ) B EDUC 210\nNeeds: 1 course\n3 ) B EDUC 300\nNeeds: 1 course\n4 ) B EDUC 310\nNeeds: 1 course\nElementary Education: Endorsement Academic Breadth\n1 ) Composition: B WRIT 134 or 133\nNeeds: 1 course\n2 ) B EDUC 170\nNeeds: 1 course\n3 ) B EDUC 240\nNeeds: 1 course\n4 ) B EDUC 241\nNeeds: 1 course\n5 ) B EDUC 242\nNeeds: 1 course\n6 ) B EDUC 340\nNeeds: 1 course\nFrom:\nB EDUC340\n7 ) Literature (see approved list)\nNeeds: 5 credits\n8 ) Social Studies: United States Government or Civics, Geography, or Economics (see approved list)\nNeeds: 5 credits\nElementary Education: Teaching Foundation Courses\n1 ) B EDUC 402\nNeeds: 1 course\n2 ) B EDUC 403\nNeeds: 1 course\n3 ) B EDUC 423\nNeeds: 1 course\n4 ) B EDUC 441\nNeeds: 1 course\nElementary Education: Cohorted Teaching Methods Courses\n1 ) B EDUC 408\nNeeds: 1 course\n2 ) B EDUC 409\nNeeds: 1 course\n3 ) B EDUC 410\nNeeds: 1 course\n4 ) B EDUC 418\nNeeds: 1 course\n5 ) B EDUC 419\nNeeds: 1 course\n6 ) B EDUC 421\nNeeds: 1 course\nFrom:\nB EDUC421\n7 ) B EDUC 438\nNeeds: 1 course\nElementary Education: Cohorted Student Teaching Courses\n1 ) B EDUC 406\nNeeds: 1 course\n2 ) B EDUC 425\nNeeds: 1 course\n3 ) B EDUC 435 (12 credits)\nNeeds: 12 credits\nElementary Education Option: Concentration Requirement\nComplete one of the two following concentrations.\nEnglish Language Learners\nNeeds: 3 courses\nFrom:\nB EDUC442, 443, 444\nOR ) Special Education\nNeeds: 3 courses\nFrom:\nB EDUC482, 483, 484"", ""GENERAL EDUCATION REQUIREMENTS"": ""GENERAL EDUCATION REQUIREMENTS\nEnglish Composition: One course from approved list.\nNeeds: 5 credits\nWriting across the curriculum (W-courses) and/or additional composition.\nNeeds: 10 credits\nReasoning\nNeeds: 4 credits\nDiversity Course\nNeeds: 5 credits""}"
34a1bc5d-db5a-4bc0-bc58-e1c44291d3de,Bachelor of Science in Computer Engineering degree,COMP%20E-MAJOR,"https://myplan.uw.edu/program/#/programs/UG-COMP%20E-MAJOR/COMP%20E-0-1-6?states=N4Ig7gDgziBcLADrgJYDsAmB7MAJApigOYAWALsrAJwBMAjADTJjrZgAKWUKZKWalACxUAzAF8QYoA",Undergraduate,Capacity-Constrained,"The Bachelor of Science in Computer Engineering combines education in hardware and software development, with students gaining the background necessary to become broadly-educated professionals who are knowledgeable in both domains, understanding how the domains interact, restrict, or enable interdependent capabilities. Core coursework encompasses the physical and mathematical sciences, object-oriented programming, algorithms, data structures, software engineering, technical communications, circuits and systems, microprocessors, embedded systems, and operating systems. The major also offers the opportunity to build a strong foundation in network design and development, signal processing, mobile computing, sensor systems, semiconductor devices, testing and quality assurance, and project management, among others.",,bothell,COMP%20E,2025-10-28 05:10:25.946,2025-10-28 05:53:07.291,"{""DEPARTMENTAL REQUIREMENTS"": ""DEPARTMENTAL REQUIREMENTS\n\n\n\nMINIMUM 2.0 REQUIRED IN EACH COURSE USED IN REQUIREMENTS BELOW\nWritten/Oral Communication\n1 ) B WRIT 134, or ENGL 111, 121 or 131\nNeeds: 5 credits\n2 ) Research/Techinical Writing: B WRIT 135 (or other Technical Writing)\nNeeds: 1 course\n3 ) Advanced Technical Writing: CSS 301\nNeeds: 1 course\nComputer Engineering Programming, Mathematics and Science\n1 ) Calculus: STMATH 124, 125, 126 or equivalent\nNeeds: 3 courses\n2 ) STMATH 207 or equivalent\nNeeds: 1 course\n3 ) STMATH 208 or equivalent\nNeeds: 1 course\n4 ) STMATH 224 or equivalent\nNeeds: 1 course\n5 ) STMATH 390 or equivalent\nNeeds: 1 course\n6 ) Programming: CSS 142 or 132 and 143 or 133 or equivalent\nNeeds: 2 courses\n7 ) Physics: B PHYS 121 and 122 or equivalent\nNeeds: 2 courses\n8 ) Chemistry: B CHEM 143 and 144\nNeeds: 2 courses\nComputer Engineering Core Requirement\n1 ) B EE 215 - Fundamentals of EE\nNeeds: 1 course\n2 ) B EE 233 - Circuit Theory\nNeeds: 1 course\n3 ) B EE 235 - Continuous Time Linear Systems\nNeeds: 1 course\n4 ) B EE 271 - Digital Circuits and Systems\nNeeds: 1 course\n5 ) B EE 331 - Devices and Circuits\nNeeds: 1 course\n6 ) CSS 342 - Discrete Math I\nNeeds: 1 course\n7 ) CSS 343 - Discrete Math II\nNeeds: 1 course\n8 ) CSS 360 - Software Engineering\nNeeds: 1 course\n9 ) CSS 427 - Embedded Systems\nNeeds: 1 course\n10 ) CSS 430 - Operating Systems\nNeeds: 1 course\nComp. Engineering Hardware/Microprocessor Systems Design\nCSS 422 - Hardware and Computer Organization\nNeeds: 1 course\nOR ) B EE 425 - Microprocessor System Design\nNeeds: 1 course\nComputer Engineering Capstone\n1 ) B ENGR 494 - Engineering Design and Innovation\nNeeds: 1 course\n2 ) B CE 495 - Design Capstone\nNeeds: 1 course\n3 ) B CE 496 - Design Capstone\nNeeds: 1 course\nComputer Engineering Electives\nComplete 10 credits of 300- and/or 400-level CSS and/or EE courses. At least 5 credits must be at or above the 400-level. No more than 5 combined credits of CSS or B EE Independent Study or Undergraduate Research will be allowed. No more than 5 combined credits of CSS or B EE Special Topics will be allowed.\nNeeds: 10 credits"", ""GENERAL EDUCATION REQUIREMENTS"": ""GENERAL EDUCATION REQUIREMENTS\nEnglish Composition: One course from approved list.\nNeeds: 5 credits\nWriting across the curriculum (W-courses) and/or additional composition.\nNeeds: 10 credits\nReasoning\nOne course from the approved list (4-5 credits).\nDiversity Course\nNeeds: 5 credits\nArts and Humanities\nEarned: 0 credits\nNeeds: 15 credits\nSocial Sciences\nNeeds: 15 credits\nNatural Sciences\nNeeds: 15 credits""}"
738373c4-fde1-4aee-a942-f0c0bf3c1db1,Bachelor of Science in Nursing degree,B%20NURS-MAJOR,"https://myplan.uw.edu/program/#/programs/UG-B%20NURS-MAJOR/B%20NURS-0-1-6?states=N4Ig7gDgziBcLADrgJYDsAmB7MAJApigOYAWALsrAGxUAcANMmOtmAApZQpkpZqUAmACwAGAL4gxQA",Undergraduate,Capacity-Constrained,"The RN to BSN is a degree completion program for graduating, new and experienced Registered Nurses licensed in Washington State who have completed an Associate Degree in Nursing or a Nursing Diploma, and who are ready to advance their nursing education. The program is grounded by the School's student centered and community-partner based nursing mission and values the students’ nursing education and professional experience with curriculum that applies directly to the nursing practice. Students in the program benefit by working with community partners, developing their critical thinking abilities in an interdisciplinary setting with faculty actively engaged in academic scholarship and who are committed to addressing the barriers and challenges of providing quality health care to all segments of society. The RN to BSN program awards 45 credits for completion of the Washington State RN - NCLEX exam toward the 90 credits required to complete the program.",,bothell,B%20NURS,2025-10-28 05:10:26.242,2025-10-28 05:53:07.655,"{""GENERAL EDUCATION REQUIREMENTS"": ""GENERAL EDUCATION REQUIREMENTS\nEnglish Composition: Two courses from approved list.\nNeeds: 10 credits\nWriting across the curriculum (W-courses) and/or additional composition.\nNeeds: 5 credits\nReasoning\nOne course from the approved list (4-5 credits).\nDiversity Course\nNeeds: 5 credits\nArts and Humanities\nNeeds: 15 credits\nSocial Sciences\nNeeds: 15 credits\nNatural Sciences Prerequisite Courses: 2.0 Minimum Grade Required\n1 ) General Chemistry\nNeeds: 5 credits\n2 ) Fundamentals of Cellular Biology\nNeeds: 1 course\n3 ) Anatomy and Physiology\nNeeds: 10 credits\n4 ) Microbiology\nNeeds: 1 course\n5 ) Statistics\nNeeds: 1 course""}"
11c7a524-0c3c-4c03-a52e-6d75b13e168a,"Bachelor of Arts degree with a major in Culture, Literature, and the Arts",B%20CLA-MAJOR,"https://myplan.uw.edu/program/#/programs/UG-B%20CLA-MAJOR/B%20CLA-0-1-1?states=N4Ig7gDgziBcLADrgJYDsAmB7MAJApigOYAWALsrAGxUAcANMmOtmAApZQpkpZqUAmACwAGAL4gxQA",Undergraduate,Open,"The Culture, Literature, and the Arts major inquires into the make-up of diverse cultures and societies, and their literatures and arts. Students in the major study written and visual texts, interactive and performative modes of practice, and philosophical and theoretical accounts of those texts and practices. They gain an understanding of the complex relations among lived, represented, and speculated existence. CLA courses focus on the historical, social, and aesthetic dimensions of literature and arts, with special attention to the intersections among gender, sexuality, race, ethnicity, class, disability, and other vectors of power and privilege.",,bothell,B%20CLA,2025-10-28 05:10:26.392,2025-10-28 05:53:07.727,"{""SCHOOL REQUIREMENTS"": ""SCHOOL REQUIREMENTS\nCulture, Literature and the Arts (CLA) Major Requirements\nRepeatable courses may not be accurately counted toward degree requirements. For questions contact an adviser. (A maximum of 35 credits at the 100- and/or 200-level may apply to major requirements.)\n1 ) Core Course: BISCLA 201\nNeeds: 1 course\n2 ) CLA Major Courses: 35 credits in CLA courses; see department list for approved courses.\nNeeds: 35 credits\n3 ) Additional IAS Credits: 20 additional credits in IAS prefix coursework.\nNeeds: 20 credits\nComposition Coursework\n(Will also apply to writing/comp proficiency)\n1 ) B WRIT 133 or 134 or ENGL 131 or equivalent\nNeeds: 5 credits\n2 ) B WRIT 135 or ENGL 141 or equivalent\nNeeds: 5 credits\nInterdisciplinary Practice and Reflection Requirement\nFive credits from the approved list.\nNeeds: 5 credits\nResident Credit & GPA in Major\n1 ) Min. 2.00 cumulative GPA for courses used in the major.\n2 ) At least 30 credits used to meet major requirement must be taken in residence at UW Bothell."", ""GENERAL EDUCATION REQUIREMENTS"": ""GENERAL EDUCATION REQUIREMENTS\nEnglish Composition: One course from approved list.\nNeeds: 5 credits\nWriting across the curriculum (W-courses) and/or additional composition.\nNeeds: 10 credits\nReasoning\nNeeds: 4 credits\nDiversity Course\nNeeds: 5 credits\nNatural Sciences\nNeeds: 15 credits\nArts and Humanities\nEarned: 0 credits\nNeeds: 15 credits\nSocial Sciences\nNeeds: 15 credits""}"
2554e820-b7f3-4036-bf80-a5096196284b,Bachelor of Science degree with a major in Mathematics,B%20MATH-MAJOR,"https://myplan.uw.edu/program/#/programs/UG-B%20MATH-MAJOR/B%20MATH-0-1-5?states=N4Ig7gDgziBcLADrgJYDsAmB7MAJApigOYAWALsrAGxUAcANMmOtmAApZQpkpZqUAmACwAGAL4gxQA",Undergraduate,Open,"Mathematics is an established and growing field with students pursuing careers in engineering, actuarial science, database and computer systems administration network and data communication analysis, statistical analysis secondary mathematics teaching and other fields. Students with a major in mathematics often pursue graduate studies in mathematics, physics, and engineering.",,bothell,B%20MATH,2025-10-28 05:10:26.466,2025-10-28 05:53:07.801,"{""AREAS OF INQUIRY"": ""AREAS OF INQUIRY\nArts and Humanities\nEarned: 0 credits\nNeeds: 15 credits\nSocial Sciences\nNeeds: 15 credits\nNatural Sciences\nNeeds: 15 credits"", ""DEPARTMENTAL REQUIREMENTS"": ""DEPARTMENTAL REQUIREMENTS\nMath Core Requirements Complete the following courses with a minimum 2.0 in each course.\n1 ) Calculus: STMATH 124, 125, 126 or equivalent\nNeeds: 3 courses\n2 ) STMATH 207\nNeeds: 1 course\n3 ) STMATH 208\nNeeds: 1 course\n4 ) STMATH 224\nNeeds: 1 course\n5 ) STMATH 341, 390 or 392\nNeeds: 1 course\nMath Advanced Core Requirements 2.0 Required in each course.\n1 ) STMATH 300\nNeeds: 1 course\n2 ) STMATH 301\nNeeds: 1 course\n3 ) STMATH 381 or 405\nNeeds: 1 course\n4 ) STMATH 402\nNeeds: 1 course\n5 ) STMATH 424\nNeeds: 1 course\nMathematics Electives and Computer Programming\n1 ) Mathmatics Electives: Complete 5 credits in one of the following courses: STMATH 403, 406, 408, 409, 425 or 441 with a minimum grade of 2.0\nNeeds: 5 credits\n2 ) Mathematics Electives: Complete an additional 10 credits from the following: STMATH 403, 406, 408, 409, 425, 441, 407, 420, 427, 444 (course used in the above list cannot also be used in this requirement). Minimum 2.0 grade required in each course.\nNeeds: 10 credits\n3 ) Two additional elective courses chosen from a approved department list. No more than 5 credits of STMATH 498 or 499 may apply. Minimum 2.0 grade required in each course.\nNeeds: 10 credits\nFrom:\nSTMATH310, 330, 350, 381, 392, 403, 405, 406, 407, 408, 409, 420, 425, 427, 441, 444, 465, 466, STMATH467, 493\n4 ) Computer Programming: A minimum 2.0 in both course from one of the following options: CSS 123 and CSSSKL 123, CSS 132 and CSSSKL 132, CSS 142 and CSSSKL 142.\nNeeds: 1 GROUP"", ""GENERAL EDUCATION REQUIREMENTS"": ""GENERAL EDUCATION REQUIREMENTS\nEnglish Composition: One course from approved list.\nNeeds: 5 credits\nWriting across the curriculum (W-courses) and/or additional composition.\nNeeds: 10 credits\nReasoning\nNeeds: 4 credits\nDiversity Course\nNeeds: 5 credits""}"
972b1778-34d1-4447-b93e-60beeda4d5c4,Bachelor of Science degree with a major in Data Visualization,B%20DVIS-MAJOR,"https://myplan.uw.edu/program/#/programs/UG-B%20DVIS-MAJOR/B%20DVIS-0-1-5?states=N4Ig7gDgziBcLADrgJYDsAmB7MAJApigOYAWALsrAGxUAcANMmOtmAApZQpkpZqUAmACwAGAL4gxQA",Undergraduate,Minimum,"A student with a Bachelor of Science in Data Visualization will enter into the wide variety of academic and career fields focused on data analysis and visualization, including statistics, visual analytics, and geographic information systems and sciences. A Bachelor of Science in Data Visualization degree emphasizes fundamental elements of data science, visualization, and analytics, advanced research, advanced graduate programs, or other data programing and geographic information systems and sciences programs and careers.",,bothell,B%20DVIS,2025-10-28 05:10:26.539,2025-10-28 05:53:07.953,"{""SCHOOL REQUIREMENTS"": ""SCHOOL REQUIREMENTS\nData Visualization BA Major Requirements\nRepeatable courses may not be accurately counted toward degree requirements. For questions contact an adviser. (A maximum of 30 credits at the 100- and/or 200-level may apply to major requirements, excluding prerequisites.)\nNeeds: 50 credits\n1 ) B DATA 200\nNeeds: 1 course\n2 ) B DATA 232\nNeeds: 1 course\n3 ) Either BIS 218 or 342\nNeeds: 1 course\n4 ) Either BES 301 or BST 301\nNeeds: 1 course\n5 ) Advanced Data Visualization and Analysis Methods 15 credits from the approved list. See major webpage for approved courses.\nNeeds: 15 credits\n6 ) Spacial Data Analysis 15 credits from the approved list. See major webpage for approved courses.\nNeeds: 15 credits\nData Visualization BA Electives\n25 credits of Data Visualization electives. See major webpage for approved list.\nNeeds: 25 credits\nResident Credit & GPA in Major\n1 ) Min. 2.00 cumulative GPA for courses used in the major.\n2 ) At least 30 credits used to meet major requirement must be taken in residence at UW Bothell.\nInterdisciplinary Practice and Reflection Requirement\nFive credits from the approved list.\nNeeds: 5 credits"", ""GENERAL EDUCATION REQUIREMENTS"": ""GENERAL EDUCATION REQUIREMENTS\nEnglish Composition: One course from approved list.\nNeeds: 5 credits\nWriting across the curriculum (W-courses) and/or additional composition.\nNeeds: 10 credits\nReasoning\nNeeds: 4 credits\nDiversity Course\nNeeds: 5 credits\nNatural Sciences\nNeeds: 15 credits\nArts and Humanities\nEarned: 0 credits\nNeeds: 15 credits\nSocial Sciences\nNeeds: 15 credits""}"
d1cd4960-cb90-4093-8fcb-0146ac39474b,Bachelor of Arts degree with a major in Global Studies,B%20GST-MAJOR,"https://myplan.uw.edu/program/#/programs/UG-B%20GST-MAJOR/B%20GST-0-1-1?states=N4Ig7gDgziBcLADrgJYDsAmB7MAJApigOYAWALsrAJwAsA7ADTJjrZgAKWUKZKWalAKwBGKgF8QYoA",Undergraduate,Open,"Global Studies (GST) explores the cultural, political, and economic systems that bind people across the world. GST students gain the historical perspective needed to assess claims about “globalization,” and develop the critical and analytical skills necessary to understand the forces that shape our world. GST graduates work in international relations, non-governmental organizations, law, education, journalism, environmental justice, global health, business, policy and advocacy, and philanthropic organizations. GST students are also prepared for advanced study in geography, gender studies, anthropology, history, media and cultural studies, political science, and international studies.",,bothell,B%20GST,2025-10-28 05:10:26.683,2025-10-28 05:53:08.027,"{""SCHOOL REQUIREMENTS"": ""SCHOOL REQUIREMENTS\nGlobal Studies Major Requirements\nRepeatable courses may not be accurately counted toward degree requirements. For questions contact an adviser. (A maximum of 35 credits at the 100- and/or 200-level may apply to major requirements.)\n1 ) Core Course: BISGST 303\nNeeds: 1 course\n2 ) Methods: One from BES 301, BIS 312, 215, 340 or 342.\nNeeds: 1 course\n3 ) GST Major Courses: 30 credits in GST courses; see department list for approved courses.\nNeeds: 30 credits\n4 ) Additional IAS Credits: 20 additional credits in IAS prefix coursework.\nNeeds: 20 credits\nComposition Coursework\n(Will also apply to writing/comp proficiency)\n1 ) B WRIT 133 or 134 or ENGL 131 or equivalent\nNeeds: 5 credits\n2 ) B WRIT 135 or ENGL 141 or equivalent\nNeeds: 5 credits\nInterdisciplinary Practice and Reflection Requirement\nFive credits from the approved list.\nNeeds: 5 credits\nResident Credit & GPA in Major\n1 ) Min. 2.00 cumulative GPA for courses used in the major.\n2 ) At least 30 credits used to meet major requirement must be taken in residence at UW Bothell."", ""GENERAL EDUCATION REQUIREMENTS"": ""GENERAL EDUCATION REQUIREMENTS\nEnglish Composition: One course from approved list.\nNeeds: 5 credits\nWriting across the curriculum (W-courses) and/or additional composition.\nNeeds: 10 credits\nReasoning\nNeeds: 4 credits\nDiversity Course\nNeeds: 5 credits\nNatural Sciences\nNeeds: 15 credits\nArts and Humanities\nEarned: 0 credits\nNeeds: 15 credits\nSocial Sciences\nNeeds: 15 credits""}"
ff3e4e19-4213-42ba-b04a-da736598c608,Bachelor of Science degree with a major in Conservation and Restoration Science,B%20CRS-MAJOR,"https://myplan.uw.edu/program/#/programs/UG-B%20CRS-MAJOR/B%20CRS-0-1-5?states=N4Ig7gDgziBcLADrgJYDsAmB7MAJApigOYAWALsrAGxUAcANMmOtmAApZQpkpZqUAmACwAGAL4gxQA",Undergraduate,Open,"Bachelor of Science in Conservation and Restoration Science (CRS) prepares students to address environmental challenges facing the world today. Students develop the depth of scientific understanding, interdisciplinary perspectives, and creative problem-solving skills needed to design and bring about solutions to these problems at local, regional, and global scales. Through Community-Based projects ranging from wetlands restoration and conservation planning to analyses of regional air and water pollution, students gain practical experience and make a positive difference while they are still in school. Graduates are prepared for future research, practical experiences, and graduate education in various environmental fields.",,bothell,B%20CRS,2025-10-28 05:10:26.832,2025-10-28 05:53:08.174,"{""SCHOOL REQUIREMENTS"": ""SCHOOL REQUIREMENTS\nConservation and Restoration Science Introductory Requiements\nA minimum of 55 credits in the major must be completed at the upper-division level.\n1 ) Pre-Calculus: B MATH 123, MATH 120, STMATH 124, MATH 124, STMATH 114 or B MATH 144\nNeeds: 1 course\n2 ) One general chemistry course, including lab: B CHEM 143 and 144\nNeeds: 2 courses\nOR ) General Chemistry: B CHEM 142, CHEM 120 or equivalent\nNeeds: 1 course\n3 ) Introductory Biology: B BIO 180 or equivalent\nNeeds: 1 course\n4 ) Environmental Geography: BIS 242 or 243\nNeeds: 1 course\n5 ) Environment and Humanities: BIS 245\nNeeds: 1 course\n6 ) Introductory Statistics: BIS 215, B MATH 215, B BUS 215 OR STAT 220\nNeeds: 1 course\nConservation & Restoration Science Core Requirements\n1 ) BES 301 or BST 301\nNeeds: 1 course\n2 ) BES 312 or B BIO 471\nNeeds: 1 course\n3 ) BEARTH 317, 318, 321 or BES 316\nNeeds: 1 course\n4 ) BES 362\nNeeds: 1 course\n5 ) BES 385\nNeeds: 1 course\n6 ) BIS 342\nNeeds: 1 course\n7 ) BIS 307 or 304\nNeeds: 1 course\n8 ) BIS 356 or 456\nNeeds: 1 course\n9 ) BIS 386 or BEARTH 320\nNeeds: 1 course\nConservation and Restoration Science Electives\nComplete 20 credits (See major website for approved list of electives.)\nNeeds: 20 credits\nFrom:\nBEARTH153, 154, 155, 201, 202, 310, 317, 318, 320, 321, 341 BES 303, 311, 316, 330, 397, BES 415, 440, 460, 486, 488, 489, 491, 492, 493, 497 BIS 141, 243, 246, 252, 304, 312, BIS 319, 338, 340, 343, 344, 346, 353, 359, 360, 372, 390, 392, 405, 408, 415, 442, 456, 458, BIS 459, 483 BISGST303, 324 BISGWS303 BIS 365 BISSTS307 B BIO 330, 335, 417 B CHEM315, 350 BST 445, 446\nInterdisciplinary Practice and Reflection Requirement\nFive credits from the approved list.\nNeeds: 5 credits\nResident Credit & GPA in Major\n1 ) Min. 2.00 GPA for courses used in the major.\n2 ) At least 60 credits used to meet major requirement must be taken in residence at UW Bothell."", ""GENERAL EDUCATION REQUIREMENTS"": ""GENERAL EDUCATION REQUIREMENTS\nEnglish Composition: One course from approved list.\nNeeds: 5 credits\nWriting across the curriculum (W-courses) and/or additional composition.\nNeeds: 10 credits\nReasoning\nNeeds: 4 credits\nDiversity Course\nNeeds: 5 credits\nNatural Sciences\nNeeds: 15 credits\nArts and Humanities\nEarned: 0 credits\nNeeds: 15 credits\nSocial Sciences\nNeeds: 15 credits""}"
d551739a-feab-428d-8fdc-17ed88904fac,Bachelor of Arts degree with a major in Environmental Studies,B%20ENST-MAJOR,"https://myplan.uw.edu/program/#/programs/UG-B%20ENST-MAJOR/B%20ENST-0-1-1?states=N4Ig7gDgziBcLADrgJYDsAmB7MAJApigOYAWALsrAGxUAcANMmOtmAApZQpkpZqUAmACwAGAL4gxQA",Undergraduate,Open,"The Environmental Studies (ENST) major is designed for students who want to act critically and creatively in response to the environmental challenges facing the world today. ENST teaches students to integrate environmental knowledge across the natural and social sciences, as well as the arts and humanities. Hands-on learning, field experiences, and problem-based instruction focus on finding answers to complex problems that include scientific, social, political, cultural, and ethical dimensions. ENST BA graduates develop careers in management, planning, advocacy, communications, and policy-making across a wide array of for-profit and not-for-profit organizations. Students are prepared for graduate school in various degree programs including policy studies, environmental law, education, and other environmental areas.",,bothell,B%20ENST,2025-10-28 05:10:26.905,2025-10-28 05:53:08.246,"{""SCHOOL REQUIREMENTS"": ""SCHOOL REQUIREMENTS\nEnvironmental Studies Core\nA minimum of 35 credits must in the major must be completed at the upper division (300-400) level.\n1 ) BIS 242\nNeeds: 1 course\n2 ) BIS 245\nNeeds: 1 course\n3 ) BIS 307\nNeeds: 1 course\n4 ) BIS 342\nNeeds: 1 course\n5 ) BIS 356 or BIS 386\nNeeds: 1 course\n6 ) BES 301 or BST 301\nNeeds: 1 course\nEnvironmental Studies: Electives\n1 ) Environmental Studies Electives: See major website for approved list of courses\nNeeds: 20 credits\nFrom:\nBEARTH153, 154, 155, 201, 202, 310, 317, 318, 320, 321, 341 BES 303, 311, 316, 330, 397, BES 415, 440, 460, 486, 488, 489, 491, 492, 493, 497 BIS 141, 185, 243, 246, 252, 304, BIS 312, 319, 338, 340, 344, 346, 353, 359, 360, 372, 390, 392, 405, 406, 408, 415, 442, 456, BIS 458, 459, 483 BISGST303, 324 BISGWS303 BIS 365 BISSTS307, 355 B BIO 330, 335, 471 B CHEM315, 350 BST 445, 446\n2 ) Additional IAS coursework: 10 credits of courses at any level in any School of IAS prefix\nNeeds: 10 credits\nComposition Coursework\n(Will also apply to writing/comp proficiency)\n1 ) B WRIT 133 or 134 or ENGL 131 or equivalent\nNeeds: 5 credits\n2 ) B WRIT 135 or ENGL 141 or equivalent\nNeeds: 5 credits\nInterdisciplinary Practice and Reflection Requirement\nFive credits from the approved list.\nNeeds: 5 credits\nResident Credit & GPA in Major\n1 ) Min. 2.00 cumulative GPA for courses used in the major.\n2 ) At least 30 credits used to meet major requirement must be taken in residence at UW Bothell."", ""GENERAL EDUCATION REQUIREMENTS"": ""GENERAL EDUCATION REQUIREMENTS\nEnglish Composition: One course from approved list.\nNeeds: 5 credits\nWriting across the curriculum (W-courses) and/or additional composition.\nNeeds: 10 credits\nReasoning\nNeeds: 4 credits\nDiversity Course\nNeeds: 5 credits\nNatural Sciences\nNeeds: 15 credits\nArts and Humanities\nEarned: 0 credits\nNeeds: 15 credits\nSocial Sciences\nNeeds: 15 credits""}"
7d28f0d3-3b10-4456-9e1f-05f3d63ee04a,Bachelor of Science degree with a major in Earth System Science,BESS-MAJOR,"https://myplan.uw.edu/program/#/programs/UG-BESS-MAJOR/BESS-0-1-5?states=N4Ig7gDgziBcLADrgJYDsAmB7MAJApigOYAWALsrAGxUAcANMmOtmAApZQpkpZqUAmACwAGAL4gxQA",Undergraduate,Minimum,"Earth System Science (ESS) applies systems thinking and multiple science disciplines, including the classic fields of Geology, Oceanography, Atmospheric Science, and Environmental Science, to understanding complex phenomena in Earth’s physical systems. Educational and research programs that take this unified approach emphasize the processes and interactions within the Earth system and the connections between natural and human systems.",,bothell,BESS,2025-10-28 05:10:27.052,2025-10-28 05:53:08.389,"{""AREAS OF INQUIRY"": ""AREAS OF INQUIRY\nArts and Humanities\nEarned: 0 credits\nNeeds: 15 credits\nSocial Sciences\nNeeds: 15 credits\nNatural Sciences\nNeeds: 15 credits"", ""DEPARTMENTAL REQUIREMENTS"": ""DEPARTMENTAL REQUIREMENTS\nEarth System Science Introductory Math and Science\nComplete the following course requirements.\n1 ) General Chemistry: B CHEM 143 & 144\nNeeds: 2 courses\n2 ) General Physics: B PHYS 114 and 117\nNeeds: 2 courses\nOR ) General Physics: B PHYS 121\nNeeds: 1 course\n3 ) Introductory Statistics: BIS 215, B MATH 215 or STMATH 341\nNeeds: 1 course\n4 ) Calculus: STMATH 114, 124, B MATH 144 or equivalent\nNeeds: 1 course\n5 ) Additional Foundation Science Courses (15-17 credits, choose three). See ESS major website for list of approved courses.\nNeeds: 3 GROUPS\nEarth System Science Base Courses\nComplete the following course requirements.\n1 ) Science Practices and Communication\nNeeds: 1 course\nFrom:\nBES 301 OR BST 301\n2 ) Introductory Environmental Courses: Complete three courses from the following approved list.\nNeeds: 3 courses\nFrom:\nBEARTH153, 154, 155, 201, 202 BIS 242, 243, 245, 246, 307, 345, 356, 359 B PHYS101\n3 ) Introduction to Geographic Analysis\nNeeds: 1 course\nFrom:\nBIS 342\nEarth System Science Ascent\nComplete the following course requirements. Students must complete at least one fieldwork course from the following 3 categories.\n1 ) Fieldwork Courses (This course will also apply to the requirements below.)\nNeeds: 1 course\nFrom:\nBES 303(AU24 OR AFTER), 316(AU24 OR AFTER), 317 BEARTH321 BES 330, 460, 487, BES 488 B BIO 330(AU24 OR AFTER), 335(AU24 OR AFTER), 495(AU24 OR AFTER)\n2 ) Earth System Science Focus Courses\nNeeds: 4 courses\nFrom:\nB BIO 330, 335 B CHEM350 BEARTH310, 320 BES 303, 312, 316, 317 BEARTH318, 321 BES 330, 392 BEARTH341 BES 460, 486, 488\n3 ) Computer Methods and Quantitative Analysis\nNeeds: 2 courses\nFrom:\nB CHEM315 B ENGR310 BES 440 BIS 343, 344, 408 BID 412 BIS 442, 447 CSS 455 MATH 207 STMATH207, 208, 224\n4 ) Human Dimensions of the Earth System\nNeeds: 2 courses\nFrom:\nBIS 245, 282, 319, 345, 353, 356, 372, 391, 385, 468 BISSTS355 BIS 316(SU22), 252, BIS 304, 307, 320, 338, 346, 359, 386, 392, 394, 395, 405, 406, 408, 415, 419, 456, 458, 459, BIS 483 BST 445 BISGST303, 324 BISSEB304 BES 385 B HLTH444 BIS 218, BIS 306, 346, 386, 392, 406, 408, 459, 460 BST 445, 446\nEarth Systems Science Capstone\n1 ) Capstone Project: Complete 5-10 credits of approved research. See ESS Advising for approved list.\nNeeds: 5 credits"", ""GENERAL EDUCATION REQUIREMENTS"": ""GENERAL EDUCATION REQUIREMENTS\nEnglish Composition: One course from approved list.\nNeeds: 5 credits\nWriting across the curriculum (W-courses) and/or additional composition.\nNeeds: 10 credits\nReasoning\nNeeds: 4 credits\nDiversity Course\nNeeds: 5 credits""}"
16c51f10-878f-43de-a1a6-bb2a767d153c,Bachelor of Arts degree in Interdisciplinary Social Sciences,B%20ISS-MAJOR,"https://myplan.uw.edu/program/#/programs/UG-B%20ISS-MAJOR/B%20ISS-0-1-1?states=N4Ig7gDgziBcLADrgJYDsAmB7MAJApigOYAWALsrAJwBsA7ADTJjrZgAKWUKZKWalAKwBmKgF8QYoA",Undergraduate,Open,"The Interdisciplinary Social Sciences major allows students to select from a range of social science course options for a degree program that advances their academic career interests within the social sciences. The social sciences are disciplines concerned with social life and relationships among individuals. Because all human behavior is social, the subject matter of interest to social scientists varies widely and ranges from individual social experiences to political structures, policies and cultural systems. Complex modern problems often require us to use a variety of disciplinary lenses in order to enhance understanding and create cutting-edge solutions. The ISS program at UW Bothell provides an interdisciplinary integration of the social sciences and related fields for students who are interested in a broad educational experience. ISS offers a wide choice of courses, and an opportunity to design a quality program geared toward individual needs and interests. Students choose courses that assist their development of social scientific research methods aimed at enhancing their knowledge production and problem-solving abilities. Graduating students are prepared to pursue careers or advanced study in a wide variety of fields, such as education, sociology, philosophy, social work, public policy, law, and human resources.",,bothell,B%20ISS,2025-10-28 05:10:27.421,2025-10-28 05:53:08.749,"{""SCHOOL REQUIREMENTS"": ""SCHOOL REQUIREMENTS\nInterdisciplinary Social Sciences Major Requirements\n1 ) Composition: Complete one of B WRIT 133, 134, ENGL 111, 121 or 131 and one of B WRIT 135 or ENGL 141\nNeeds: 2 courses\n2 ) Social Science Core Course: Any 5-credit, 100-level SSc designated course.\nNeeds: 5 credits\n3 ) Social Science Core Course: Complete one from BIS 335, 365, 367, BISAES 302, 367, BISGST 303, BISGWS 301, 302, BISMCS 333, BISLEP 301 or BISSTS 307\nNeeds: 1 course\n4 ) Research Course: Complete either BIS 312 or 340\nNeeds: 1 course\n5 ) Additional Methods Course: 5 credits from the approved list available on the IAS webpage.\nNeeds: 1 course\n6 ) Additional Social Science Coursework: Any 200-level SSc designated courses (10 credits)\nNeeds: 10 credits\n7 ) Additional Social Science Coursework: Any upper division SSc designated courses (30 credits)\nNeeds: 30 credits\nInterdisciplinary Practice and Reflection Requirement\nFive credits from the approved list.\nNeeds: 5 credits\nGPA in Major\n1 ) Min. 2.00 cumulative GPA for courses used in the major."", ""GENERAL EDUCATION REQUIREMENTS"": ""GENERAL EDUCATION REQUIREMENTS\nEnglish Composition: One course from approved list.\nNeeds: 5 credits\nWriting across the curriculum (W-courses) and/or additional composition.\nNeeds: 10 credits\nReasoning\nNeeds: 4 credits\nDiversity Course\nNeeds: 5 credits\nNatural Sciences\nNeeds: 15 credits\nArts and Humanities\nEarned: 0 credits\nNeeds: 15 credits\nSocial Sciences\nNeeds: 15 credits""}"
78940cd3-31c9-4a29-bae8-e83e756ab158,"Bachelor of Arts degree with a major in Law, Economics, and Public Policy",B%20LEPP-MAJOR,"https://myplan.uw.edu/program/#/programs/UG-B%20LEPP-MAJOR/B%20LEPP-0-1-1?states=N4Ig7gDgziBcLADrgJYDsAmB7MAJApigOYAWALsrAGxUAcANMmOtmAApZQpkpZqUAmACwAGAL4gxQA",Undergraduate,Minimum,"The Law, Economics & Public Policy (LEPP) major is designed for students who want to explore how legal, political and economic institutions and contexts shape policy formation and development and what the implications of those policies are for issues of social justice. The degree provides a grounding in law, economics and political science as students learn to analyze legal decisions, economic disparities, political movements, and policy problems, alternatives, and consequences. The LEPP curriculum combines theoretical analysis and practical experience through applied coursework and undergraduate research, community-based learning and academic internship opportunities. LEPP students build a powerful foundation for graduate school and law school, and careers with social service organizations, NGOs and nonprofits, and local, state, and federal government.",,bothell,B%20LEPP,2025-10-28 05:10:27.496,2025-10-28 05:53:08.822,"{""SCHOOL REQUIREMENTS"": ""SCHOOL REQUIREMENTS\nLaw, Economics and Public Policy Major Requirements\nRepeatable courses may not be accurately counted toward degree requirements. For questions contact an adviser. (A maximum of 35 credits at the 100- and/or 200-level may apply to major requirements.)\n1 ) LEPP Core: BISLEP 301 & 302\nNeeds: 2 courses\n2 ) Statistics: BIS 215 or B BUS 215, or STAT 220, 221, 290 or QMETH 201\nNeeds: 5 credits\n3 ) Skills and Methods 5 credits: One course from the department approved list. See major for approved list of courses.\nNeeds: 5 credits\n4 ) Policy Foundation Courses: 10 credits from the department approved course list. See major website for list of approved courses.\nNeeds: 10 credits\n5 ) Additional Foundation and/or Policy Problem Courses: 10 additional credits from the approved lists for Foundation and/or Problem courses. See major website for list of approved courses.\nNeeds: 20 credits\n6 ) Additional IAS Credits: 20 additional credits in IAS prefix coursework.\nNeeds: 20 credits\nComposition Coursework\n(Will also apply to writing/comp proficiency)\n1 ) B WRIT 133 or 134 or ENGL 131 or equivalent\nNeeds: 5 credits\n2 ) B WRIT 135 or ENGL 141 or equivalent\nNeeds: 5 credits\nInterdisciplinary Practice and Reflection Requirement\nFive credits from the approved list.\nNeeds: 5 credits\nResident Credit & GPA in Major\n1 ) Min. 2.00 cumulative GPA for courses used in the major.\n2 ) At least 30 credits used to meet major requirement must be taken in residence at UW Bothell."", ""GENERAL EDUCATION REQUIREMENTS"": ""GENERAL EDUCATION REQUIREMENTS\nEnglish Composition: One course from approved list.\nNeeds: 5 credits\nWriting across the curriculum (W-courses) and/or additional composition.\nNeeds: 10 credits\nReasoning\nNeeds: 4 credits\nDiversity Course\nNeeds: 5 credits\nNatural Sciences\nNeeds: 15 credits\nArts and Humanities\nEarned: 0 credits\nNeeds: 15 credits\nSocial Sciences\nNeeds: 15 credits""}"
9f13cc5c-8b6f-4a83-b3b1-2010cadea385,Bachelor of Arts degree with a major in American and Ethnic Studies,B%20AES-MAJOR,"https://myplan.uw.edu/program/#/programs/UG-B%20AES-MAJOR/B%20AES-0-1-1?states=N4IgCgTg9g5hCGBbAQtA7gZwKYGUAuUEWIAXCMADogDGSADgK4ZUlUBGUeAFlgDa9UAviEFA",Undergraduate,Open,"American and Ethnic Studies (AES) investigates the social forces, political institutions, and cultural productions that have created the United States and shaped what it means to be an ""American."" AES students develop a critical understanding of the categories that have shaped the emergence and reproduction of systems of power defined in relation to national citizenship. With diverse and intersecting categories of race, place, ethnicity, gender, sexuality, class, nationality, and ability, AES educates students in historical and social inquiry, textual analysis and interpretation, and critical theory and practice.",,bothell,B%20AES,2025-10-28 05:10:24.626,2025-10-28 05:53:05.965,"{""SCHOOL REQUIREMENTS"": ""SCHOOL REQUIREMENTS\nAmerican and Ethnic Studies Major Requirements\nRepeatable courses may not be accurately counted toward degree requirements. For questions contact an adviser. (A maximum of 35 credits at the 100- and/or 200-level may apply to major requirements.)\n1 ) Interdiscliplinary Writing Seminar: BIS 290\nNeeds: 1 course\n2 ) Core Course: BISAES 305\nNeeds: 1 course\n3 ) Research Methods: BIS 312 or 340 (minimum 2.0 grade)\nNeeds: 1 course\nAES Major Courses: 30 credits in AES courses to include a minimum of 5 credits from each of the follwing areas. See department website for course lists.\n4 ) Historical Inquiry\nNeeds: 5 credits\n5 ) Textual Interpretation\nNeeds: 5 credits\n6 ) Critical Theory\nNeeds: 5 credits\n7 ) AES Major Courses: 15 additional credits in AES courses. See department list for approved courses.\nNeeds: 15 credits\n8 ) Additional IAS Credits: 20 additional credits in IAS prefix coursework.\nNeeds: 20 credits\nComposition Coursework\n(Will also apply to writing/comp proficiency)\n1 ) B WRIT 133 or 134 or ENGL 131 or equivalent\nNeeds: 5 credits\n2 ) B WRIT 135 or ENGL 141 or equivalent\nNeeds: 5 credits\nInterdisciplinary Practice and Reflection Requirement\nFive credits from the approved list.\nNeeds: 5 credits\nResident Credit & GPA in Major\n1 ) Min. 2.00 cumulative GPA for courses used in the major.\n2 ) At least 30 credits used to meet major requirement must be taken in residence at UW Bothell."", ""GENERAL EDUCATION REQUIREMENTS"": ""GENERAL EDUCATION REQUIREMENTS\nEnglish Composition: One course from approved list.\nNeeds: 5 credits\nWriting across the curriculum (W-courses) and/or additional composition.\nNeeds: 10 credits\nReasoning\nNeeds: 4 credits\nDiversity Course\nNeeds: 5 credits\nNatural Sciences\nNeeds: 15 credits\nArts and Humanities\nEarned: 0 credits\nNeeds: 15 credits\nSocial Sciences\nNeeds: 15 credits""}"
285e4425-f3ea-463d-b9b2-c67ad28f0be0,"Bachelor of Arts degree with a major in Gender, Women, and Sexuality Studies",B%20GWSS-MAJOR,"https://myplan.uw.edu/program/#/programs/UG-B%20GWSS-MAJOR/B%20GWSS-0-1-1?states=N4Ig7gDgziBcLADrgJYDsAmB7MAJApigOYAWALsrAJwAsA7ADTJjrZgAKWUKZKWalAKwBGKgF8QYoA",Undergraduate,Open,"Gender, Women & Sexuality Studies (GWSS) examines social and political realities shaped by gender, sexuality, and power. GWSS approaches topics from transnational and intersectional perspectives, enabling students to analyze and address issues of gender, sexuality, and social difference at personal, historical, institutional, and structural levels. GWSS is devoted to generating and bringing visibility to many kinds of feminist knowledge production such as women of color feminism, transfeminism, queer feminism, feminist science and technology studies, and more.",,bothell,B%20GWSS,2025-10-28 05:10:24.773,2025-10-28 05:53:06.132,"{""SCHOOL REQUIREMENTS"": ""SCHOOL REQUIREMENTS\nGender, Women & Sexuality Studies Major Requiements\nRepeatable courses may not be accurately counted toward degree requirements. For questions contact an adviser. (A maximum of 35 credits at the 100- and/or 200-level may apply to major requirements.)\n1 ) Core Courses: BIS 290, BISGWS 301 and either BISGWS 302 or 303\nNeeds: 3 courses\n2 ) GWSS Major Courses: Complete 30 credits from the approved list. See major website for approved list.\nNeeds: 30 credits\n3 ) Additional IAS Credits: 20 additional credits in IAS prefix coursework.\nNeeds: 20 credits\nComposition Coursework\n(Will also apply to writing/comp proficiency)\n1 ) B WRIT 133 or 134 or ENGL 131 or equivalent\nNeeds: 5 credits\n2 ) B WRIT 135 or ENGL 141 or equivalent\nNeeds: 5 credits\nInterdisciplinary Practice and Reflection Requirement\nFive credits from the approved list.\nNeeds: 5 credits\nResident Credit & GPA in Major\n1 ) Min. 2.00 cumulative GPA for courses used in the major.\n2 ) At least 30 credits used to meet major requirement must be taken in residence at UW Bothell."", ""GENERAL EDUCATION REQUIREMENTS"": ""GENERAL EDUCATION REQUIREMENTS\nEnglish Composition: One course from approved list.\nNeeds: 5 credits\nWriting across the curriculum (W-courses) and/or additional composition.\nNeeds: 10 credits\nReasoning\nNeeds: 4 credits\nDiversity Course\nNeeds: 5 credits\nNatural Sciences\nNeeds: 15 credits\nArts and Humanities\nEarned: 0 credits\nNeeds: 15 credits\nSocial Sciences\nNeeds: 15 credits""}"
82a7ad7e-57c7-44ae-baf9-c33fe293c65a,Bachelor of Arts in Business Administration degree: Supply Chain Management (ELC),B%20BUS-MAJOR,"https://myplan.uw.edu/program/#/programs/UG-B%20BUS-MAJOR/B%20BUS-25-1-2?states=N4Ig7gDgziBcLADrgJYDsAmB7MAJApigOYAWALsrAIwCsA7FQDTJjrZgAKWUKZKWaSlQAMVOgF8Q4oA",Undergraduate,Capacity-Constrained,"The Business Administration degree is designed to prepare students for the challenges and opportunities facing organizations in the Puget Sound region and beyond. The program provides a foundation in business theory, as well as critical thinking, ethics and communications skills needed to succeed in an economically and culturally diverse global environment. In addition to the core course requirements, students select an option or concentration to develop depth in a particular area of business practice, or they select a variety of upper division electives to design a self-directed study plan. Opportunities for project courses, internships, independent research, and leadership development activities allow students to put into practice the knowledge and skills that they are acquiring in the classroom.",,bothell,B%20BUS,2025-10-28 05:10:24.925,2025-10-28 05:53:06.781,"{""DEPARTMENTAL REQUIREMENTS"": ""DEPARTMENTAL REQUIREMENTS\n\n\n\nMINIMUM 1.7 REQUIRED IN EACH COURSE USED IN REQUIREMENTS BELOW\nBusiness Administration: Core Courses\n1 ) B BUS 300 - Management of Organizations\nNeeds: 1 course\n2 ) B BUS 307 - Business Writing (Course may also count toward University Writing requirement.)\nNeeds: 1 course\n3 ) B BUS 310 - Managerial Economics\nNeeds: 1 course\n4 ) B BUS 320 - Introduction to Marketing Management\nNeeds: 1 course\n5 ) B BUS 340 - Operations and Project Management\nNeeds: 1 course\n6 ) B BUS 350 - Business Finance\nNeeds: 1 course\nBusiness Administration: Capstone B BUS 470 & 480\nNeeds: 2 courses"", ""GENERAL EDUCATION REQUIREMENTS"": ""GENERAL EDUCATION REQUIREMENTS\nEnglish Composition: One course from approved list.\nNeeds: 5 credits\nWriting across the curriculum (W-courses) and/or additional composition.\nNeeds: 10 credits\nReasoning: Statistics and enough additional RSN coursework to meet credit requirement.\nNeeds: 15 credits\nR 1 ) Statistics\nNeeds: 1 course\nDiversity Course\nNeeds: 5 credits\nArts and Humanities\nNeeds: 15 credits\nSocial Sciences: Microeconomics, Macroeconomics, Intro to Law or Business Law and any additional SSc coursework to meet credit requirement.\nNeeds: 20 credits\n1 ) Economics: Micro and Macro\n2 ) Business Law\n3 ) Additional SSc coursework:\nNatural Sciences & Mathematics: Calculus, and enough additional NSc coursework to meet credit requirement.\nNeeds: 15 credits\n1 ) Calculus\n2 ) Additional Natural Sciences Coursework:\nAccounting: Prerequisite Courses\n1 ) Complete Intro and Fundamentals of Financial Accounting and Managerial Accounting\nNeeds: 9 credits"", ""COMPLETE AN APPROVED CONCENTRATION"": ""COMPLETE AN APPROVED CONCENTRATION\nSEE YOUR ADVISER TO DECLARE YOUR CONCENTRATION/S.\nBusiness or non-Business General Electives: Complete 30 credits in coursework at the 300- and/or 400-level. Courses used in this requirement may be business or non-business courses. Students may also choose to complete an additional concentration to fulfill this requirement. (BIS 315, 495, STAT 311 not allowed if used toward RSN.)\nNeeds: 30 credits\nBusiness Administration Upper Division Requirement\n90 credits at the 300- and/or 400-level.\nNeeds: 90 credits""}"
de3bbf59-fe01-4f7f-ae1b-c1351f41dd72,Bachelor of Science in Mechanical Engineering degree,B%20ME-MAJOR,"https://myplan.uw.edu/program/#/programs/UG-B%20ME-MAJOR/B%20ME-0-1-6?states=N4Ig7gDgziBcLADrgJYDsAmB7MAJApigOYAWALsrAGxUAcANMmOtmAApZQpkpZqUAmACwAGAL4gxQA",Undergraduate,Capacity-Constrained,"Designed to comply with ABET accreditation criteria, the BSME curriculum emphasizes hands-on experience, collaborative problem solving, and societal implications in the design, production, and implementation of mechanical and thermal fluid systems. It also complements the existing Bachelor of Science in Electrical Engineering (BSEE) major by providing additional learning and research opportunities in biomedical engineering and in power engineering, where electrical and mechanical technologies interweave. Prerequisites may be met through coursework at UW Bothell, another four-year institution, or a community college. Graduates will be prepared for a wide variety of careers inside and outside of engineering, or for continuation of study at the graduate level.",,bothell,B%20ME,2025-10-28 05:10:26.096,2025-10-28 05:53:07.437,"{""AREAS OF INQUIRY"": ""AREAS OF INQUIRY\nArts and Humanities\nEarned: 0 credits\nNeeds: 15 credits\nSocial Sciences\nNeeds: 15 credits\nNatural Sciences\nNeeds: 15 credits"", ""DEPARTMENTAL REQUIREMENTS"": ""DEPARTMENTAL REQUIREMENTS\nMechanical Engineering Prerequisites\nA minimum grade of 2.0 is required in all courses used to complete the Mechanical Engineering major.\n1 ) Calculus: STMATH 124, 125, 126 or equivalents\nNeeds: 3 courses\n2 ) General Chemistry: B CHEM 143 & 144 or equivalent\nNeeds: 2 courses\nOR ) General Chemistry: B CHEM 142 or equivalent\nNeeds: 1 course\n3 ) Physics: B PHYS 121 & 122\nNeeds: 2 courses\n4 ) Engineering Fundamentals: B ME 221 or A A 210, B ME 222 or CEE 220, B ME 223 or M E 230.\nNeeds: 3 courses\nMechanical Engineering Mathematics and Science\n1 ) Mathematics: STMATH 207 or AMATH 351, STMATH 224\nNeeds: 2 courses\n2 ) Physics: B PHYS 123\nNeeds: 1 course\nMechanical Engineering Major Requirements\n1 ) Research/Technical Writing: B WRIT 135 (or other technical writing)\nNeeds: 1 course\n2 ) Probability and Statistics in Engineering: STMATH 390 or IND E 315\nNeeds: 1 course\n3 ) Computation Physical Modeling: B ENGR 310 or both of MATH 208 and AMATH 301\nNeeds: 1 course\n4 ) Engineering Computational Analysis and Design: B ME 315 or M E 123\nNeeds: 1 course\n5 ) Fundamentals of Materials Science: B ENGR 320 or MSE 170\nNeeds: 1 course\n6 ) Materials Engineering Laboratory: B ENGR 321\nNeeds: 1 course\n7 ) Intro Seminar for Mechanical Engineering: B ME 301\nNeeds: 1 course\n8 ) Intro to Programming for Scientific Applications: CSS 112\nNeeds: 1 course\n9 ) Electric Power and Machinery: B ME 410\nNeeds: 1 course\n10 ) Thermal Fluid Systems Analysis: B ME 331, 332, 333, 334\nNeeds: 4 courses\n11 ) Mechanical Systems Design: B ME 341, 342, 343\nNeeds: 3 courses\n12 ) Engineering Professional Development: B ME 481, B ENGR 494\nNeeds: 2 courses\n13 ) Capstone Design: B ME 495, 496\nNeeds: 2 courses\n14 ) Engineering Electives: 16 credits from the department approved list. (Max 4 credits B ME 498, 499 may apply.)\nNeeds: 16 credits\nFrom:\nB ME 345, 431, 432, 433, 435, 446, 450, 483, 493 B EE 381, 440 B ME 440, 460, 498, 499\nMechanical Engineering Major GPA\nA 2.0 minimum cumulative GPA required in courses presented for the major."", ""GENERAL EDUCATION REQUIREMENTS"": ""GENERAL EDUCATION REQUIREMENTS\nEnglish Composition: One course from approved list.\nNeeds: 5 credits\nWriting across the curriculum (W-courses) and/or additional composition.\nNeeds: 10 credits\nReasoning\nOne course from the approved list (4-5 credits).\nDiversity Course\nNeeds: 5 credits""}"
ba40d43e-eb72-4668-a735-3b3165c2d20c,"Bachelor of Arts degree with a major in Science, Technology, and Society",B%20STS-MAJOR,"https://myplan.uw.edu/program/#/programs/UG-B%20STS-MAJOR/B%20STS-0-1-1?states=N4Ig7gDgziBcLADrgJYDsAmB7MAJApigOYAWALsrAGxUAcANMmOtmAApZQpkpZqUAmACwAGAL4gxQA",Undergraduate,Open,"The Science, Technology & Society (STS) degree examines emerging technologies and scientific ideas within social and cultural contexts. We use methods and approaches from the humanities and social sciences to study issues like algorithm ethics, digital surveillance, artificial intelligence, biomedical practice, smart cities, public health, and global climate change. Students in STS develop applied skills in research, writing, critical analysis, and creative practice, with a particular attention to power and knowledge production.",,bothell,B%20STS,2025-10-28 05:10:26.758,2025-10-28 05:53:08.099,"{""SCHOOL REQUIREMENTS"": ""SCHOOL REQUIREMENTS\nScience, Technology and Society Major Requirements\nRepeatable courses may not be accurately counted toward degree requirements. For questions contact an adviser. (A maximum of 35 credits at the 100- and/or 200-level may apply to major requirements.)\n1 ) Core Course: BISSTS 307 and 355\nNeeds: 2 courses\n2 ) Methods: BES 301; BIS 312 or 340 (minimum 2.0 grade)\nNeeds: 2 courses\n3 ) Science, Technology, and Society Coursework 25 credits from the department list of approved courses.\nNeeds: 25 credits\n4 ) Approaches to Data Coursework: 5 credits from the department list of approved courses.\nNeeds: 5 credits\n5 ) Additional IAS Credits: 20 additional credits in IAS prefix coursework.\nNeeds: 20 credits\nComposition Coursework\n(Will also apply to writing/comp proficiency)\n1 ) B WRIT 133 or 134 or ENGL 131 or equivalent\nNeeds: 5 credits\n2 ) B WRIT 135 or ENGL 141 or equivalent\nNeeds: 5 credits\nInterdisciplinary Practice and Reflection Requirement\nFive credits from the approved list.\nNeeds: 5 credits\nResident Credit & GPA in Major\n1 ) Min. 2.00 cumulative GPA for courses used in the major.\n2 ) At least 30 credits used to meet major requirement must be taken in residence at UW Bothell."", ""GENERAL EDUCATION REQUIREMENTS"": ""GENERAL EDUCATION REQUIREMENTS\nEnglish Composition: One course from approved list.\nNeeds: 5 credits\nWriting across the curriculum (W-courses) and/or additional composition.\nNeeds: 10 credits\nReasoning\nNeeds: 4 credits\nDiversity Course\nNeeds: 5 credits\nNatural Sciences\nNeeds: 15 credits\nArts and Humanities\nEarned: 0 credits\nNeeds: 15 credits\nSocial Sciences\nNeeds: 15 credits""}"
99150da8-0ab4-484b-8e1d-3a588e30c1d5,Bachelor of Science degree with a major in Chemistry: Biochemistry,B%20CHEM-MAJOR,"https://myplan.uw.edu/program/#/programs/UG-B%20CHEM-MAJOR/B%20CHEM-10-1-5?states=N4Ig7gDgziBcLADrgJYDsAmB7MAJApigOYAWALsrAIxUAsATADTJjrZgAKWUKZKWaSgHY6AXxCigA",Undergraduate,Capacity-Constrained,"The BS degree will offer students a curriculum that includes all of the key elements in chemistry and is consistent with the recommendations of the American Chemical Society (ACS). The degree can include a specialization in environmental chemistry, materials chemistry or biochemistry. These topics fit well with the UW Bothell interdisciplinary mission and other teaching and research emphases on campus. As part of the BS degree, students may also choose a biochemistry option, which would appear on the students’ transcripts.",,bothell,B%20CHEM,2025-10-28 05:10:26.98,2025-10-28 05:53:08.318,"{""AREAS OF INQUIRY"": ""AREAS OF INQUIRY\nArts and Humanities\nEarned: 0 credits\nNeeds: 15 credits\nSocial Sciences\nNeeds: 15 credits\nNatural Sciences\nNeeds: 15 credits"", ""DEPARTMENTAL REQUIREMENTS"": ""DEPARTMENTAL REQUIREMENTS\n\n\n\nMINIMUM 2.0 REQUIRED IN EACH COURSE USED IN REQUIREMENTS BELOW\nChemistry Lower Division Requirements\n1 ) Chemistry: B CHEM 143 & 144, 153 & 154, 163 & 164\nNeeds: 6 courses\n2 ) Calculus: STMATH 124, 125, 126 or equivalent\nNeeds: 3 courses\n3 ) Physics: B PHYS 121, 122, 123\nNeeds: 3 courses\n4 ) Organic Chemistry: B CHEM 237, 238, 239 with labs 241 and 242.\nNeeds: 5 courses\nChemistry Core Requirements (Biochemistry Option)\n1 ) Chemistry Seminar: B CHEM 294\nNeeds: 1 course\n2 ) Quantitative Environmental Analysis: B CHEM 315\nNeeds: 1 course\n3 ) Physical Chemistry: B CHEM 401, 402\nNeeds: 2 courses\n4 ) Physical Chemistry Lab: B CHEM 404\nNeeds: 1 course\n5 ) Instrumental Analysis: B CHEM 426\nNeeds: 1 course\n6 ) Investigative Chemistry: B CHEM 495\nNeeds: 3 credits\nChemistry Electives and Supporting Science (Biochemistry Option)\n1 ) Mathematics: Complete one of the following courses STMATH 207, 208, 224 or 341\nNeeds: 1 course\n2 ) Biology: B BIO 180 and 200\nNeeds: 2 courses\n3 ) Biochemistry: B CHEM/B BIO 364 and 365\nNeeds: 2 courses\n4 ) Molecular Biology: B CHEM/B BIO 375\nNeeds: 1 course\n5 ) Biochemistry Lab: B CHEM/B BIO 366\nNeeds: 1 course\n6 ) Upper Division Chemistry: Complete 7 additional credits of chemistry at the 300- and/or 400-level.\nNeeds: 7 credits"", ""GENERAL EDUCATION REQUIREMENTS"": ""GENERAL EDUCATION REQUIREMENTS\nEnglish Composition: One course from approved list.\nNeeds: 5 credits\nWriting across the curriculum (W-courses) and/or additional composition.\nNeeds: 10 credits\nReasoning\nNeeds: 4 credits\nDiversity Course\nNeeds: 5 credits""}"
b4123f79-8e54-4025-8741-e1676c7c4279,Bachelor of Science degree with a major in Physics,B%20PHYS-MAJOR,"https://myplan.uw.edu/program/#/programs/UG-B%20PHYS-MAJOR/B%20PHYS-0-1-5?states=N4Ig7gDgziBcLADrgJYDsAmB7MAJApigOYAWALsrAGxUAcANMmOtmAApZQpkpZqUAmACwAGAL4gxQA",Undergraduate,Capacity-Constrained,"The Physics major creates opportunities for students to acquire critical thinking and reasoning skills, problem-solving abilities, and modeling skills. These skills and abilities will enable physics majors to contemplate careers and graduate school in multiple physics sub-disciplines, engineering, technology, and other mathematical and science related subjects. Students will acquire fundamental knowledge that positions them to be successful and responsible global citizens and lifelong learners.",,bothell,B%20PHYS,2025-10-28 05:10:27.126,2025-10-28 05:53:08.535,"{""AREAS OF INQUIRY"": ""AREAS OF INQUIRY\nArts and Humanities\nEarned: 0 credits\nNeeds: 15 credits\nSocial Sciences\nNeeds: 15 credits\nNatural Sciences\nNeeds: 15 credits"", ""DEPARTMENTAL REQUIREMENTS"": ""DEPARTMENTAL REQUIREMENTS\nPhysics Mathematics Requirements\n1 ) Calculus: STMATH 124, 125, 126 or equivalent\nNeeds: 3 courses\n2 ) Differential Equations: STMATH 207\nNeeds: 1 course\nPhysics Major Core\n1 ) Mechanics: B PHYS 121\n2 ) Electromagnetism and Oscillatory Motion: B PHYS 122\n3 ) Waves: B PHYS 123\n4 ) Classical Mechanics: B PHYS 221\n5 ) Modern Physics: B PHYS 222\n6 ) Thermal Physics: B PHYS 224\n7 ) Physics Seminar: B PHYS 494\n8 ) Senior Project: B PHYS 433\n9 ) Physics, Society, and Industry: B PHYS 484\n10 ) General Chemistry I: B CHEM 143\n11 ) General Chemistry Lab I: B CHEM 144\nPhysics Electives Complete an additional 10 credits in coursework from the department approved list."", ""GENERAL EDUCATION REQUIREMENTS"": ""GENERAL EDUCATION REQUIREMENTS\nEnglish Composition: One course from approved list.\nNeeds: 5 credits\nWriting across the curriculum (W-courses) and/or additional composition.\nNeeds: 10 credits\nReasoning\nNeeds: 4 credits\nDiversity Course\nNeeds: 5 credits""}"
4f33cc50-ff47-4215-9351-e5a5aa3e686e,Bachelor of Arts degree with a major in Psychology,B%20PSY-MAJOR,"https://myplan.uw.edu/program/#/programs/UG-B%20PSY-MAJOR/B%20PSY-0-1-1?states=N4Ig7gDgziBcLADrgJYDsAmB7MAJApigOYAWALsrAGxUAcANMmOtmAApZQpkpZqUAmACwAGAL4gxQA",Undergraduate,Minimum,"The major introduces students to a range of domains, perspectives and questions of human experience, along with opportunities for exploring them through independent or collaborative research, social action, and/or critical reflection. Students are encouraged to evaluate how we come to understand human behavior and psychological processes, and to formulate critical questions about the field of psychology itself, including issues of power and human diversity. Students at UWB are encouraged to extend their knowledge of psychology to other fields of study and social contexts. While some students go on to pursue graduate study in clinical/counseling, developmental, social/community psychology, or social work, others use psychological perspectives to inform their work in community development, health care, policy work, media and communications, business, education, and other fields.",,bothell,B%20PSY,2025-10-28 05:10:27.277,2025-10-28 05:53:08.605,"{""SCHOOL REQUIREMENTS"": ""SCHOOL REQUIREMENTS\nPsychology Major Requirements\nRepeatable courses may not be accurately counted toward degree requirements. For questions contact an adviser. (A maximum of 35 credits at the 100- and/or 200-level may apply to major requirements.)\n1 ) Core Courses: One from BISPSY 337, 343, 348 or 350 (minimum 2.0 grade)\nNeeds: 1 course\n2 ) Skills Requirement: BIS 312 (minimum 2.0 grade)\nNeeds: 1 course\n3 ) 200-Level Psychology Major Courses. See major website for list of approved courses.\nNeeds: 10 credits\n4 ) Upper Division Psychology Major Courses: 15 credits in upper-division Psychology courses from the approved list. See major website for list of approved courses.\nNeeds: 15 credits\n5 ) Psychology Electives: 15 credits from approved list. See department list for approved courses.\nNeeds: 15 credits\n6 ) Additional IAS Credits: 20 additional credits in IAS prefix coursework.\nNeeds: 20 credits\nInterdisciplinary Practice and Reflection Requirement\nFive credits from the approved list.\nNeeds: 5 credits\nResident Credit & GPA in Major\n1 ) Min. 2.00 cumulative GPA for courses used in the major.\n2 ) At least 30 credits used to meet major requirement must be taken in residence at UW Bothell."", ""GENERAL EDUCATION REQUIREMENTS"": ""GENERAL EDUCATION REQUIREMENTS\nEnglish Composition: One course from approved list.\nNeeds: 5 credits\nWriting across the curriculum (W-courses) and/or additional composition.\nNeeds: 10 credits\nReasoning\nNeeds: 4 credits\nDiversity Course\nNeeds: 5 credits\nNatural Sciences\nNeeds: 15 credits\nArts and Humanities\nEarned: 0 credits\nNeeds: 15 credits\nSocial Sciences\nNeeds: 15 credits""}"
864e725b-94c7-4622-a30a-2b3a218c4e1b,Bachelor of Science degree with a major in Economics,B%20ECON-MAJOR,"https://myplan.uw.edu/program/#/programs/UG-B%20ECON-MAJOR/B%20ECON-0-1-5?states=N4Ig7gDgziBcLADrgJYDsAmB7MAJApigOYAWALsrAGxUAcANMmOtmAApZQpkpZqUAmACwAGAL4gxQA",Undergraduate,Minimum,"The B.S. in Economics equips students with essential quantitative, complex problem-solving, and critical reasoning skills that are highly valued in today’s data-driven and artificial intelligence (AI)-enhanced industry, socioeconomic research, and policy making. The core courses establish a solid foundation in economic theory and data analytics, while a diverse selection of electives allows for specialization aligned with students’ career goals.",,bothell,B%20ECON,2025-10-28 05:10:27.349,2025-10-28 05:53:08.679,"{""DEPARTMENTAL REQUIREMENTS"": ""DEPARTMENTAL REQUIREMENTS\nEconomics Major\nNeeds: 55 credits\n1 ) Intro to Microeconomics: B BUS 220 or BIS 200\nNeeds: 1 course\n2 ) Intro to Macroeconomics: B BUS 221 or BIS 201\nNeeds: 1 course\n3 ) Financial Accounting: B BUS 210\nNeeds: 1 course\n4 ) Intermediate Microeconomics: B BECN 302\nNeeds: 1 course\n5 ) Intermediate Macroeconomics: B BECN 303\nNeeds: 1 course\n6 ) Introducation to Econometrics: B BECN 382\nNeeds: 1 course\n7 ) Primary Electives: 20 credits from the list of approved electives.\nNeeds: 20 credits\nFrom:\nB BUS 301 B BECN300, 458, 460, 469\n8 ) Additional Electives: 5 credits from the above list, or any B BECN or B BUS courses at the 300- or 400-level.\nNeeds: 5 credits"", ""GENERAL EDUCATION REQUIREMENTS"": ""GENERAL EDUCATION REQUIREMENTS\nEnglish Composition: One course from approved list.\nNeeds: 5 credits\nWriting across the curriculum (W-courses) and/or additional composition.\nNeeds: 10 credits\nReasoning\nOne course from the approved list (4-5 credits).\nDiversity Course\nNeeds: 5 credits\nArts and Humanities\nNeeds: 15 credits\nSocial Sciences\nNeeds: 15 credits\nNatural Sciences\nNeeds: 15 credits""}"
1cf95116-3a6d-48a2-86e6-907e16ebc0d2,Bachelor of Arts degree with a major in Interdisciplinary Arts,B%20IA-MAJOR,"https://myplan.uw.edu/program/#/programs/UG-B%20IA-MAJOR/B%20IA-0-1-1?states=N4Ig7gDgziBcLADrgJYDsAmB7MAJApigOYAWALsrAGxUAcANMmOtmAApZQpkpZqUAmACwAGAL4gxQA",Undergraduate,Open,"Interdisciplinary Arts (IA) gives students the opportunity to develop expertise in areas spanning written, visual, performance, sound and video, internet, and publication arts as they respond to the constantly evolving world of contemporary arts practice. The IA major is built on the belief that advanced contributions to art can be made by anyone from any class, ethnicity, race, nationality, gender, and background. IA faculty implement the most current and relevant thinking and practices in art in order to inspire students to push towards new advancements and achievements.",,bothell,B%20IA,2025-10-28 05:10:27.567,2025-10-28 05:53:08.895,"{""SCHOOL REQUIREMENTS"": ""SCHOOL REQUIREMENTS\nInterdisciplinary Arts Major Requirements\nRepeatable courses may not be accurately counted toward degree requirements. For questions contact an adviser. (A maximum of 35 credits total at the 100- and/or 200-level may apply to major requirements.\n1 ) Core Course: BISIA 219\nNeeds: 1 course\n2 ) Art Studios and Workshops: 15 credits from the approved department list. See major website for approved list.\nNeeds: 15 credits\n3 ) IA Major Courses: 20 credits in IA courses; see major website for approved list.\nNeeds: 20 credits\n4 ) Additional IAS Credits: 20 additional credits in IAS prefix coursework.\nNeeds: 20 credits\nComposition Coursework\n(Will also apply to writing/comp proficiency)\n1 ) B WRIT 133 or 134 or ENGL 131 or equivalent\nNeeds: 5 credits\n2 ) B WRIT 135 or ENGL 141 or equivalent\nNeeds: 5 credits\nInterdisciplinary Practice and Reflection Requirement\nFive credits from the approved list.\nNeeds: 5 credits\nResident Credit & GPA in Major\n1 ) Min. 2.00 cumulative GPA for courses used in the major.\n2 ) At least 30 credits used to meet major requirement must be taken in residence at UW Bothell."", ""GENERAL EDUCATION REQUIREMENTS"": ""GENERAL EDUCATION REQUIREMENTS\nEnglish Composition: One course from approved list.\nNeeds: 5 credits\nWriting across the curriculum (W-courses) and/or additional composition.\nNeeds: 10 credits\nReasoning\nNeeds: 4 credits\nDiversity Course\nNeeds: 5 credits\nNatural Sciences\nNeeds: 15 credits\nArts and Humanities\nEarned: 0 credits\nNeeds: 15 credits\nSocial Sciences\nNeeds: 15 credits""}"
